{
  "IcoMoonType": "selection",
  "icons": [
    {
      "icon": {
        "paths": [
          "M1008 6.286c12 8.571 17.714 22.286 15.429 36.571l-146.286 877.714c-1.714 10.857-8.571 20-18.286 25.714-5.143 2.857-11.429 4.571-17.714 4.571-4.571 0-9.143-1.143-13.714-2.857l-258.857-105.714-138.286 168.571c-6.857 8.571-17.143 13.143-28 13.143-4 0-8.571-0.571-12.571-2.286-14.286-5.143-24-18.857-24-34.286v-199.429l493.714-605.143-610.857 528.571-225.714-92.571c-13.143-5.143-21.714-17.143-22.857-31.429-0.571-13.714 6.286-26.857 18.286-33.714l950.857-548.571c5.714-3.429 12-5.143 18.286-5.143 7.429 0 14.857 2.286 20.571 6.286z"
        ],
        "width": 1025.1702857142857,
        "attrs": [],
        "isMulticolor": false,
        "isMulticolor2": false,
        "tags": [
          "paper-plane",
          "send"
        ],
        "defaultCode": 61912,
        "grid": 14
      },
      "attrs": [],
      "properties": {
        "name": "paper-plane, send",
        "id": 429,
        "order": 21,
        "prevSize": 28
      },
      "setIdx": 0,
      "setId": 7,
      "iconIdx": 429
    },
    {
      "icon": {
        "paths": [
          "M1008 6.286c12 8.571 17.714 22.286 15.429 36.571l-146.286 877.714c-1.714 10.857-8.571 20-18.286 25.714-5.143 2.857-11.429 4.571-17.714 4.571-4.571 0-9.143-1.143-13.714-2.857l-301.143-122.857-170.286 186.857c-6.857 8-16.571 12-26.857 12-4.571 0-9.143-0.571-13.143-2.286-14.286-5.714-23.429-19.429-23.429-34.286v-258.286l-269.714-110.286c-13.143-5.143-21.714-17.143-22.857-31.429-1.143-13.714 6.286-26.857 18.286-33.714l950.857-548.571c12-7.429 27.429-6.857 38.857 1.143zM812.571 862.857l126.286-756-819.429 472.571 192 78.286 493.143-365.143-273.143 455.429z"
        ],
        "width": 1024.5851428571427,
        "attrs": [],
        "isMulticolor": false,
        "isMulticolor2": false,
        "tags": [
          "paper-plane-o",
          "send-o"
        ],
        "defaultCode": 61913,
        "grid": 14
      },
      "attrs": [],
      "properties": {
        "name": "paper-plane-o, send-o",
        "id": 430,
        "order": 18,
        "prevSize": 28
      },
      "setIdx": 0,
      "setId": 7,
      "iconIdx": 430
    },
    {
      "icon": {
        "paths": [
          "M470 46v338h-300q0-130 87-226t213-112zM170 640v-170h684v170q0 140-101 241t-241 101-241-101-101-241zM554 46q126 16 213 112t87 226h-300v-338z"
        ],
        "attrs": [
          {}
        ],
        "isMulticolor": false,
        "isMulticolor2": false,
        "tags": [
          "mouse"
        ],
        "grid": 24
      },
      "attrs": [
        {}
      ],
      "properties": {
        "order": 1,
        "id": 1,
        "name": "mouse",
        "prevSize": 24
      },
      "setIdx": 5,
      "setId": 2,
      "iconIdx": 0
    },
    {
      "icon": {
        "paths": [
          "M640 512q0-52-38-90t-90-38v-86q88 0 151 63t63 151h-86zM810 512q0-124-87-211t-211-87v-86q160 0 272 112t112 272h-86zM854 662q18 0 30 12t12 30v150q0 18-12 30t-30 12q-300 0-513-213t-213-513q0-18 12-30t30-12h150q18 0 30 12t12 30v2q0 82 24 150 4 8 4 14 0 20-14 30l-94 94q40 76 123 159t159 123l94-94q14-14 30-14 6 0 14 4 72 24 152 24z"
        ],
        "attrs": [
          {}
        ],
        "isMulticolor": false,
        "isMulticolor2": false,
        "tags": [
          "phone_in_talk"
        ],
        "grid": 24
      },
      "attrs": [
        {}
      ],
      "properties": {
        "order": 1,
        "id": 0,
        "name": "phone_in_talk",
        "prevSize": 24
      },
      "setIdx": 5,
      "setId": 2,
      "iconIdx": 1
    },
    {
      "icon": {
        "paths": [
          "M64 192h896v192h-896zM64 448h896v192h-896zM64 704h896v192h-896z"
        ],
        "tags": [
          "menu",
          "list",
          "options",
          "lines",
          "hamburger"
        ],
        "defaultCode": 59837,
        "grid": 16,
        "attrs": []
      },
      "attrs": [],
      "properties": {
        "ligatures": "menu, list3",
        "name": "menu",
        "order": 22,
        "id": 190,
        "prevSize": 32
      },
      "setIdx": 6,
      "setId": 1,
      "iconIdx": 189
    }
  ],
  "height": 1024,
  "preferences": {
    "showGlyphs": true,
    "showQuickUse": true,
    "showQuickUse2": true,
    "showSVGs": true,
    "fontPref": {
      "prefix": "icon-",
      "metadata": {
        "fontFamily": "icomoon"
      },
      "metrics": {
        "emSize": 1024,
        "baseline": 6.25,
        "whitespace": 50
      },
      "embed": false
    },
    "imagePref": {
      "prefix": "icon-",
      "png": true,
      "useClassSelector": true,
      "color": 0,
      "bgColor": 16777215,
      "classSelector": ".icon",
      "name": "icomoon"
    },
    "historySize": 50,
    "showCodes": true,
    "gridSize": 16
  }
}